,prop,seq,block_k,chimera,y,mu,y_real,mu_real
0,29.8,RMLFQTSYTLENNGSVICIPNNGQCFCLAWLKSNGTPGEKIGAQVCQWIAFSIAIALLTFYGFSAWKATC---------GW-EEVYVCCVEVLFVTLEIFKEF--SSPATVYLSTGNHAYCL---RYFEWLLSCPVILIRLSNLSGLKNDYSKRTMGLIVSCVGMIVFGMAAGLA-TDWLK---WLLYIVSCIYGGYMYFQAAKCYVEAY-------HTVPKGR-CRQVVTGMAWLFFVSWGSYPILWAVGPEGLLKLSPYANSIGHSICDIIAKEFWTFLAHHLRIKI-----------HE---HILIHGD-----IRKTTKMEIG-GEEVEVEEFVEEE,c1222221222,ChR_20_10,-0.755347722203,-0.742174445599,29.8,30.4865002826
2,169.7333333,GFDELAKGAVVPEDHFVCGPAD-KCYCSAWLHSRGALWEQETARGFQWFAVFLSALFLAFYGWHAYKASV---------GW-EEVYVCSVELIKVILEIYFEF--TSPATVYLSGGNHAYWL---RYAEWLLTCPVILIHLSNITGLSEAYNKRTMALLVSDLGTICMGVTAALA-TGWVK---WLFYCIGLVYGTQTFYNAGIIYVESY-------YIMPKGR-CRQVVTGMAWLFFVSWGMFPILFILGPEGFGVLSVAGSTIGHTIADLLSKNIWGLLGHYLRVLI-----------HE---HIIMYGD-----IRRPVSSQFL-GRKVDVLAFVTEE,n1000012000,ChR_4_10,0.250897421852,0.314322993012,169.7333333,189.404794518
6,607.3916667,RMLFQTSYTLENNGSVICIPNNGQCFCLAWLKSNGTNAEKLAANILQWITFALSALCLMFYGYQTWKSTC---------GW-EEIYVATIEMIKFIIEYFHEF--DEPAVIYSSGGNKTVWL---RYAEWLLTCPVILIHLSNLTGLANDYNKRTMALLVSDIGTIVWGTTAALA-TGWVK---WLFYCIGLVYGTQTFYNAGIIYVEAY-------HTVPKGR-CRQVVTGMAWLFFVSWGMFPILFILGPEGFGVLSVYGSTVGHTIIDLMSKNCWGLLGHYLRVLI-----------HE---HILIHGD-----IRKTTKLNIG-GTEIEVETLVEDE,n1111111100,ChR_14_10,0.988319154052,0.576867733954,607.3916667,298.21243049
14,389.5,RMLFQTSYTLENNGSVICIPNNGQCFCLAWLKSNGTPGEKIGAQVCQWITFALSALCLMFYGYQTWKSTC---------GW-EEIYVATIEMIKFIIEYFHEF--DEPAVIYSSNGNKTVWL---RYAEWLLTCPVILIHLSNITGLSEAYNKRTMALLVSDLGTICMGVTAALA-TGWVK---WLFYCIGLVYGTQTFYNAGIIYVEAY-------HTVPKGR-CRQVVTGMAWLFFVSWGMFPILFILGPEGFGVLSVAGSTIGHTIADLLSKNIWGLLGHFLRIKI-----------HE---HILIHGD-----IRKTTKLNIG-GTEIEVETLVEDE,c1211001101,ChR_18_10,0.731332570021,0.856499057671,389.5,483.604324564
18,9.616666667,GFDELAKGAVVPEDHFVCGPAD-KCYCSAWLHSRGALWEQETARGFQWFAVFLSALFLAFYGWHAYKASV---------GW-EEVYVCSVELIKVILEIYFEF--TSPATVYLSGGNHAYWL---RYAEWLLTCPVILIHLSNITGLSEAYNKRTMALLVSDLGTICMGVTAALA-TGWVK---WLFYCIGLVYGTQTFYNAGIIYVESY-------YIMPAGG-CKKLVLAMTAVYYSSWLMFPILFILGPEGFGVLSVAGSTIGHTIADLLSKNIWGLLGHFLRIKI-----------HE---HIIMYGD-----IRRPVSSQFL-GRKVDVLAFVTEE,n1000002000,ChR_3_10,-1.40951844698,-0.941908310311,9.616666667,21.5841562125
25,8491.4,RMLFQTSYTLENNGSVICIPNNGQCFCLAWLKSNGALWEQETARGFQWFAVFLSALFLAFYGWHAYKASV---------GW-EEVYVCSVELIKVILEIYFEF--TEPAVIYSSGGNKTVWL---RYAEWLLTCPVILIHLSNITGLANDYNKRTMGLLVSDLGTICMGVTAALA-TGWVK---WLFYCIGLVYGGYMYFQAAKCYVESY-------YIMPKGR-CRQVVTGMAWLFFVSWGMFPILFILGPEGFGVLSVAGSTIGHTIADLLSKNIWGLLGHYLRVLI-----------HE---HIIMYGD-----IRRPVSSQFL-GRKVDVLAFVTEE,n1001011002,ChR_6_10,2.51391376936,1.74859381358,8491.4,2261.15276527
26,61.75,GFDELAKGAVVPEDHFVCGPAD-KCYCSAWLHSRGALWEQETARGFQWFAFSIAIALLTFYGFSAWKATC---------GW-EEVYVCCVEVLFVTLEIFKEF--SSPATVYLSTGNHAYCL---RYFEWLLSCPVILIRLSNLSGLKNDYSKRTMGLIVSCVGMIVFGMAAGLA-TDWLK---WLLYIVSCIYGGYMYFQAAKCYVEAN-------HSVPKGH-CRMVVKLMAYAYFASWGSYPILWAVGPEGLLKLSPYANSIGHSICDIIAKEFWTFLAHHLRIKI-----------HE---HIIMYGD-----IRRPVSSQFL-GRKVDVLAFVTEE,c2022222220,ChR_24_10,-0.333937595146,-0.244556081469,61.75,72.0692681014
29,3544.2,RMLFQTSYTLENNGSVICIPNNGQCFCLAWLKSNGTNAEKLAANILQWITFALSALCLMFYGYQTWKSTC---------GW-EEIYVATIEMIKFIIEYFHEF--DEPAVIYSSGGNKTVWL---RYAEWLLTCPVILIHLSNLTGLANDYNKRTMGLLVSDIGTIVWGTTAALA-TGWVK---WLFYCIGLVYGGYMYFQAAKCYVEAY-------HTVPKGR-CRQVVTGMAWLFFVSWGMFPILFILGPEGFGVLSVYGSTVGHTIIDLMSKNCWGLLGHYLRVLI-----------HE---HILIHGD-----IRKTTKLNIG-GTEIEVETLVEDE,n1111111102,ChR_15_10,2.00854625622,1.2881798356,3544.2,1020.05293881
43,28.66,RMLFQTSYTLENNGSVICIPNNGQCFCLAWLKSNGTNAEKLAANILQWIAFSIAIALLTFYGFSAWKATC---------GW-EEVYVCCVEVLFVTLEIFKEF--SSPATVYLSTGNHAYCL---RYFEWLLSCPVILIRLSNLSGLKNDYSKRTMGLIVSCVGMIVFGMAAGLA-TDWLK---WLLYIVSCIYGGYMYFQAAKCYVEAY-------HTVPKGR-CRQVVTGMAWLFFVSWGSYPILWAVGPEGLLKLSPYANSIGHSICDIIAKEFWTFLAHHLRIKI-----------HE---HILIHGD-----IRKTTKMEIG-GEEVEVEEFVEEE,c1122221222,ChR_17_10,-0.77790857387,-0.601035249998,28.66,38.9120023574
47,19.64,GFDELAKGAVVPEDHFVCGPAD-KCYCSAWLHSRGTNAEKLAANILQWIAFSIAIALLTFYGFSAWKATC---------GW-EEVYVCCVEVLFVTLEIFKEF--SSPATVYLSTGNHAYCL---RYFEWLLSCPVILIRLSNLSGLKNDYSKRTMGLIVSCVGMIVFGMAAGLA-TDWLK---WLLYIVSCIYGGYMYFQAAKCYVEAN-------HSVPKGH-CRMVVKLMAYAYFASWGSYPILWAVGPEGLLKLSPYANSIGHSICDIIAKEFWTFLAHHLRIKI-----------HE---HIIMYGD-----IRRPVSSQFL-GRKVDVLAFVTEE,c2122222220,ChR_27_10,-0.996503711137,-0.207834506392,19.64,76.7932297794
48,14.11666667,GFDELAKGAVVPEDHFVCGPAD-KCYCSAWLHSRGALWEQETARGFQWFAVFLSALFLAFYGWHAYKASV---------GW-EEVYVCSVELIKVILEIYFEF--TSPATVYLSTGNHAYCL---RYFEWLLTCPVILIHLSNITGLSEAYNKRTMALLVSDLGTICMGVTAALA-TGWVK---WLFYCIGLVYGTQTFYNAGIIYVESY-------YIMPAGG-CKKLVLAMTAVYYSSWGMFPILFILGPEGFGVLSVAGSTIGHTIADLLSKNIWGLLGHFLRIKI-----------HE---HIIMYGD-----IRRPVSSQFL-GRKVDVLAFVTEE,c2002000100,ChR_22_10,-1.18749672014,-0.62859173715,14.11666667,37.1015856156
58,217.2,RMLFQTSYTLENNGSVICIPNNGQCFCLAWLKSNGALWEQETARGFQWFTFALSALCLMFYGYQTWKSTC---------GW-EEIYVATIEMIKFIIEYFHEF--DSPAMLFLYGGNITPWL---RYAEWLLTCPVILIHLSNITGLSEAYNKRTMALLVSDLGTICMGVTAALA-TGWVK---WLFYCIGLVYGTQTFYNAGIIYVEAY-------HTVPKGR-CRQVVTGMAWLFFVSWGMFPILFILGPEGFGVLSVAGSTIGHTIADLLSKNIWGLLGHFLRIKI-----------HE---HILIHGD-----IRKTTKLNIG-GTEIEVETLVEDE,c1010001101,ChR_8_10,0.39352380661,0.42969986086,217.2,231.218741072
62,11.1,GFDELAKGAVVPEDHFVCGPAD-KCYCSAWLHSRGALWEQETARGFQWFAVFLSALFLAFYGWHAYKASV---------GW-EEVYVCSVELIKVILEIYFEF--TSPAMLFLYGGNITPWL---RYAEWLLTCPVILIHLSNITGLSEAYNKRTMALLVSDLGTICMGVTAALA-TGWVK---WLFYCIGLVYGTQTFYNAGIIYVESY-------YIMPAGG-CKKLVLAMTAVYYSSWGMFPILFILGPEGFGVLSVAGSTIGHTIADLLSKNIWGLLGHFLRIKI-----------HE---HIIMYGD-----IRRPVSSQFL-GRKVDVLAFVTEE,c2000000100,ChR_21_10,-1.32654921146,-0.865548082173,11.1,24.6303759824
65,6723.0,RMLFQTSYTLENNGSVICIPNNGQCFCLAWLKSNGALWEQETARGFQWFAVFLSALFLAFYGWHAYKASV---------GW-EEVYVCSVELIKVILEIYFEF--TEPAVIYSSGGNKTVWL---RYAEWLLTCPVILIHLSNITGLKNDYSKRTMGLLVSDLGTICMGVTAALA-TGWVK---WLFYCIGLVYGGYMYFQAAKCYVESY-------YIMPKGR-CRQVVTGMAWLFFVSWGMFPILFILGPEGFGVLSVAGSTIGHTIADLLSKNIWGLLGHYLRVLI-----------HE---HIIMYGD-----IRRPVSSQFL-GRKVDVLAFVTEE,n1002011002,ChR_7_10,2.37884735606,1.76019034112,6723.0,2306.94527442
68,310.94,RMLFQTSYTLENNGSVICIPNNGQCFCLAWLKSNGTNAEKLAANILQWITFALSALCLMFYGYQTWKSTC---------GW-EEIYVATIEMIKFIIEYFHEF--DSPAMLFLYGGNITPWL---RYAEWLLTCPVILIHLSNITGLSEAYNKRTMALLVSDLGTICMGVTAALA-TGWVK---WLFYCIGLVYGTQTFYNAGIIYVEAY-------HTVPKGR-CRQVVTGMAWLFFVSWGMFPILFILGPEGFGVLSVAGSTIGHTIADLLSKNIWGLLGHFLRIKI-----------HE---HILIHGD-----IRKTTKLNIG-GTEIEVETLVEDE,c1110001101,ChR_11_10,0.601041098251,0.521387186806,310.94,270.936507276
72,56.31666667,GFDELAKGAVVPEDHFVCGPAD-KCYCSAWLHSRGALWEQETARGFQWFAFSIAIALLTFYGFSAWKATC---------GW-EEVYVCCVEVLFVTLEIFKEF--SSPATVYLSTGNHAYCL---RYFEWLLSCPVILIRLSNLSGLKNDYSKRTMGLIVSCVGMIVFGMAAGLA-TDWLK---WLLYIVSCIYGGYMYFQAAKCYVEAY-------HTVPKGR-CRQVVTGMAWLFFVSWGSYPILWAVGPEGLLKLSPYANSIGHSICDIIAKEFWTFLAHHLRIKI-----------HE---HILIHGD-----IRKTTKMEIG-GEEVEVEEFVEEE,c2022221222,ChR_23_10,-0.387209754147,-0.487852780348,56.31666667,47.3225298679
85,12.81,GFDELAKGAVVPEDHFVCGPAD-KCYCSAWLHSRGTPGEKIGAQVCQWIAFSIAIALLTFYGFSAWKATC---------GW-EEVYVCCVEVLFVTLEIFKEF--SSPATVYLSTGNHAYCL---RYFEWLLSCPVILIRLSNLTGLANDYNKRTMGLIVSCVGMIVFGMAAGLA-TDWLK---WLLYIVSCIYGGYMYFQAAKCYVEAY-------HTVPKGH-CRMVVKLMAYAYFASWGSYPILFILGPEGFGVLSPYANSIGHSICDIIAKEFWTFLAHHLRIKI-----------HE---HILIHGD-----IRKTTKLNIG-GTEIEVETLVEDE,n1221122222,ChR_19_10,-1.24367621877,-1.05464775675,12.81,17.7616517302
90,146.35,RMLFQTSYTLENNGSVICIPNNGQCFCLAWLKSNGALWEQETARGFQWFAVFLSALFLAFYGWHAYKASV---------GW-EEVYVCSVELIKVILEIYFEF--TSPAMLFLYGGNITPWL---RYAEWLLTCPVILIHLSNITGLSEAYNKRTMALLVSDLGTICMGVTAALA-TGWVK---WLFYCIGLVYGTQTFYNAGIIYVEAY-------HTVPKGR-CRQVVTGMAWLFFVSWGMFPILFILGPEGFGVLSVAGSTIGHTIADLLSKNIWGLLGHFLRIKI-----------HE---HIIMYGD-----IRRPVSSQFL-GRKVDVLAFVTEE,c1000001100,ChR_2_10,0.165163366157,0.189255167907,146.35,152.574633873
92,228.7,RMLFQTSYTLENNGSVICIPNNGQCFCLAWLKSNGALWEQETARGFQWFAFFLSALFLAFYGYQTWKSTC---------GW-EEIYVATIEMIKFIIEYFHEF--DEPAVIYSSGGNKTVWL---RYAEWLLTCPVILIHLSNLTGLANDYNKRTMALLVSDIGTIVWGTTAALA-TGWVK---WLFYCIGLVYGTQTFYNAGIIYVEAY-------HTVPKGR-CRQVVTGMAWLFFVSWGMFPILFILGPEGFGVLSVAGSTIGHTIADLLSKNIWGLLGHYLRVLI-----------HE---HILIHGD-----IRKTTKLNIG-GTEIEVETLVEDE,n1011111100,ChR_10_10,0.423364648898,0.506905195001,228.7,264.236954877
102,33.16,GFDELAKGAVVPEDHFVCGPAD-KCYCSAWLHSRGALWEQETARGFQWFAFSIAIALLTFYGFSAWKATC---------GW-EEVYVCCVEVLFVTLEIFKEF--SSPATVYLSTGNHAYCL---RYFEWLLSCPVILIRLSNLSGLKNDYSKRTMGLIVSCVGMIVFGMAAGLA-TDWLK---WLLYIVSCIYGGYMYFQAAKCYVEAN-------HSVPKGH-CRMVVKLMAYAYFASWGSYPILWAVGPEGLLKLSPYANSIGHSICDIIAKEFWTFLAHHLRIKI-----------HE---HILIHGD-----IRKTTKLNIG-GTEIEVETLVEDE,c2022222221,ChR_25_10,-0.69355436972,-0.167098783557,33.16,82.3967012581
105,37.63333333,GFDELAKGAVVPEDHFVCGPAD-KCYCSAWLHSRGALWEQETARGFQWFAVFLSALFLAFYGWHAYKASV---------GW-EEVYVCSVELIKVILEIYFEF--TSPATVYLSGGNHAYWL---RYAEWLLTCPVILIHLSNITGLANDYNKRTMALLVSDLGTICMGVTAALA-TGWVK---WLFYCIGLVYGTQTFYNAGIIYVESY-------YIMPAGG-CKKLVLAMTAVYYSSWLMFPILFILGPEGFGVLSVAGSTIGHTIADLLSKNIWGLLGHFLRIKI-----------HE---HIIMYGD-----IRRPVSSQFL-GRKVDVLAFVTEE,n1001002000,ChR_5_10,-0.620360904267,-0.645813123384,37.63333333,36.0131899965
114,12.81,RMLFQTSYTLENNGSVICIPNNGQCFCLAWLKSNGALWEQETARGFQWFAVFLSALFLAFYGWHAYKASV---------GW-EEVYVCSVELIKVILEIYFEF--TSPAMLFLYGGNITPWL---RYAEWLLTCPVILIHLSNITGLSEAYNKRTMALLVSDLGTICMGVTAALA-TGWVK---WLFYCIGLVYGTQTFYNAGIIYVESY-------YIMPAGG-CKKLVLAMTAVYYSSWGMFPILFILGPEGFGVLSVAGSTIGHTIADLLSKNIWGLLGHFLRIKI-----------HE---HIIMYGD-----IRRPVSSQFL-GRKVDVLAFVTEE,c1000000100,ChR_1_10,-1.24367621877,-1.20036116763,12.81,13.8061548443
116,322.7666667,RMLFQTSYTLENNGSVICIPNNGQCFCLAWLKSNGTNAEKLAANILQWITFALSALCLMFYGYQTWKSTC---------GW-EEIYVATIEMIKFIIEYFHEF--DEPAVIYSSGGNKTVWL---RYAEWLLTCPVILIHLSNLTGLKNDYSKRTMALLVSDIGTIVWGTTAALA-TGWVK---WLFYCIGLVYGTQTFYNAGIIYVEAY-------HTVPKGR-CRQVVTGMAWLFFVSWGMFPILFILGPEGFGVLSVYGSTVGHTIIDLMSKNCWGLLGHYLRVLI-----------HE---HILIHGD-----IRKTTKLNIG-GTEIEVETLVEDE,n1112111100,ChR_16_10,0.622632403696,0.574998449291,322.7666667,297.250208691
118,27.82857143,GFDELAKGAVVPEDHFVCGPAD-KCYCSAWLHSRGTNAEKLAANILQWIAFSIAIALLTFYGFSAWKATC---------GW-EEVYVCCVEVLFVTLEIFKEF--SSPATVYLSTGNHAYCL---RYFEWLLSCPVILIRLSNLSGLKNDYSKRTMGLIVSCVGMIVFGMAAGLA-TDWLK---WLLYIVSCIYGGYMYFQAAKCYVEAN-------HSVPKGH-CRMVVKLMAYAYFASWGSYPILWAVGPEGLLKLSPYANSIGHSICDIIAKEFWTFLAHHLRIKI-----------HE---HILIHGD-----IRKTTKLNIG-GTEIEVETLVEDE,c2122222221,ChR_28_10,-0.794936043221,-0.152354285467,27.82857143,84.5241677159
123,179.26,RMLFQTSYTLENNGSVICIPNNGQCFCLAWLKSNGTNAEKLAANILQWITFALSALCLMFYGYQTWKSTC---------GW-EEIYVATIEMIKFIIEYFHEF--DEPAVIYSSNGNKTVWL---RYAEWLLTCPVILIHLSNITGLSEAYNKRTMALLVSDLGTICMGVTAALA-TGWVK---WLFYCIGLVYGTQTFYNAGIIYVEAY-------HTVPKGR-CRQVVTGMAWLFFVSWGMFPILFILGPEGFGVLSVAGSTIGHTIADLLSKNIWGLLGHFLRIKI-----------HE---HILIHGD-----IRKTTKLNIG-GTEIEVETLVEDE,c1111001101,ChR_12_10,0.28248280422,0.795286857215,179.26,435.039090984
126,940.5,RMLFQTSYTLENNGSVICIPNNGQCFCLAWLKSNGALWEQETARGFQWFAFFLSALFLAFYGYQTWKSTC---------GW-EEIYVATIEMIKFIIEYFHEF--DEPAVIYSSGGNKTVWL---RYAEWLLTCPVILIHLSNLTGLANDYNKRTMALLVSDLGTICMGVTAALA-TGWVK---WLFYCIGLVYGTQTFYNAGIIYVEAY-------HTVPKGR-CRQVVTGMAWLFFVSWGMFPILFILGPEGFGVLSVAGSTIGHTIADLLSKNIWGLLGHYLRVLI-----------HE---HILIHGD-----IRKTTKLNIG-GTEIEVETLVEDE,n1011111000,ChR_9_10,1.24121524215,0.806265333155,940.5,443.375406037
130,18.9,GFDELAKGAVVPEDHFVCGPAD-KCYCSAWLHSRGTNAEKLAANILQWIAFSIAIALLTFYGFSAWKATC---------GW-EEVYVCCVEVLFVTLEIFKEF--SSPATVYLSTGNHAYCL---RYFEWLLSCPVILIRLSNLSGLKNDYSKRTMGLIVSCVGMIVFGMAAGLA-TDWLK---WLLYIVSCIYGGYMYFQAAKCYVEAY-------HTVPKGR-CRQVVTGMAWLFFVSWGSYPILWAVGPEGLLKLSPYANSIGHSICDIIAKEFWTFLAHHLRIKI-----------HE---HILIHGD-----IRKTTKMEIG-GEEVEVEEFVEEE,c2122221222,ChR_26_10,-1.01871776291,-0.468718805493,18.9,48.914196253
