,weights,feature,type,aa,feature_group,C1C2_features_adjust,C1C2_aa_adjust,CheRiff_features_adjust,CheRiff_aa_adjust,CsChrim_features_adjust,CsChrim_aa_adjust
0,0.136551668956,"(52, 271)",contact,"['L', 'L']",7,"[101, 293]","['L', 'L']","[126, 318]","['L', 'L']","[99, 291]","['I', 'I']"
1,0.136551668956,"(52, 275)",contact,"['L', 'N']",7,"[101, 297]","['L', 'N']","[126, 322]","['L', 'N']","[99, 295]","['I', 'E']"
2,0.136551668956,"(53, 275)",contact,"['S', 'N']",7,"[102, 297]","['S', 'N']","[127, 322]","['S', 'N']","[100, 295]","['A', 'E']"
3,0.487954323853,"(105, 109)",contact,"['S', 'T']",11,"[142, 146]","['D', 'V']","[167, 171]","['T', 'M']","[140, 144]","['S', 'T']"
4,-0.0659944556613,114.0,seq,N,6,151,N,176,G,149,T
5,-0.0659944556613,"(114, 115)",contact,"['N', 'G']",6,"[151, 152]","['N', 'G']","[176, 177]","['G', 'G']","[149, 150]","['T', 'G']"
6,-0.0659944556613,"(114, 116)",contact,"['N', 'N']",6,"[151, 153]","['N', 'N']","[176, 178]","['G', 'N']","[149, 151]","['T', 'N']"
7,-0.0659944556613,"(114, 173)",contact,"['N', 'L']",6,"[151, 207]","['N', 'L']","[176, 232]","['G', 'L']","[149, 205]","['T', 'L']"
8,-0.0213551669437,"(139, 278)",contact,"['H', 'G']",4,"[173, 300]","['H', 'G']","[198, 325]","['H', 'G']","[171, 298]","['R', 'T']"
9,-0.0213551669437,"(139, 281)",contact,"['H', 'G']",4,"[173, 303]","['H', 'G']","[198, 328]","['H', 'G']","[171, 301]","['R', 'A']"
10,-0.199600712935,"(118, 169)",contact,"['T', 'M']",10,"[155, 203]","['T', 'T']","[180, 228]","['T', 'V']","[153, 201]","['A', 'M']"
11,-0.199600712935,"(118, 172)",contact,"['T', 'G']",10,"[155, 206]","['T', 'A']","[180, 231]","['T', 'A']","[153, 204]","['A', 'G']"
12,0.326253727293,"(206, 208)",contact,"['V', 'A']",0,"[236, 238]","['I', 'A']","[261, 263]","['V', 'S']","[234, 236]","['V', 'A']"
13,0.326253727293,"(206, 217)",contact,"['V', 'H']",0,"[236, 240]","['I', 'H']","[261, 265]","['V', 'Y']","[234, 238]","['V', 'H']"
14,-0.191853161447,"(235, 272)",contact,"['L', 'I']",2,"[257, 294]","['L', 'M']","[282, 319]","['V', 'L']","[255, 292]","['A', 'I']"
15,-0.191853161447,"(235, 276)",contact,"['L', 'F']",2,"[257, 298]","['L', 'C']","[282, 323]","['V', 'I']","[255, 296]","['A', 'F']"
16,0.112963236909,"(235, 272)",contact,"['L', 'L']",1,"[257, 294]","['L', 'M']","[282, 319]","['V', 'L']","[255, 292]","['A', 'I']"
17,0.112963236909,"(235, 276)",contact,"['L', 'I']",1,"[257, 298]","['L', 'C']","[282, 323]","['V', 'I']","[255, 296]","['A', 'F']"
18,-0.756058535511,"(242, 269)",contact,"['M', 'C']",9,"[264, 291]","['M', 'I']","[289, 316]","['M', 'A']","[262, 289]","['S', 'C']"
19,-0.756058535511,"(243, 269)",contact,"['F', 'C']",9,"[265, 291]","['F', 'I']","[290, 316]","['F', 'A']","[263, 289]","['Y', 'C']"
20,-0.756058535511,"(243, 273)",contact,"['F', 'A']",9,"[265, 295]","['F', 'S']","[290, 320]","['F', 'S']","[263, 293]","['Y', 'A']"
21,0.245774599494,"(170, 174)",contact,"['T', 'A']",3,"[204, 208]","['T', 'S']","[229, 233]","['T', 'A']","[202, 206]","['A', 'A']"
22,0.245774599494,"(172, 174)",contact,"['A', 'A']",3,"[206, 208]","['A', 'S']","[231, 233]","['A', 'A']","[204, 206]","['G', 'A']"
23,0.245774599494,"(172, 180)",contact,"['A', 'K']",3,"[206, 213]","['A', 'R']","[231, 238]","['A', 'K']","[204, 211]","['G', 'K']"
24,-0.349941733312,"(41, 264)",contact,"['G', 'I']",12,"[90, 286]","['A', 'V']","[115, 311]","['T', 'I']","[88, 284]","['G', 'I']"
25,-0.349941733312,"(45, 264)",contact,"['C', 'I']",12,"[94, 286]","['L', 'V']","[119, 311]","['F', 'I']","[92, 284]","['C', 'I']"
26,0.155622833297,"(156, 158)",contact,"['A', 'L']",5,"[190, 192]","['G', 'L']","[215, 217]","['A', 'L']","[188, 190]","['G', 'I']"
27,0.425036524061,"(158, 161)",contact,"['L', 'D']",8,"[192, 195]","['L', 'D']","[217, 220]","['L', 'D']","[190, 193]","['I', 'C']"
28,-0.37731282473,"(172, 247)",contact,"['G', 'F']",13,"[206, 269]","['A', 'F']","[231, 294]","['A', 'F']","[204, 267]","['G', 'W']"
